{"cameraMode":{"drawMode":0,"name":"Shaded","section":"Shading Mode"},"sceneLighting":true,"audioPlay":false,"sceneViewState":{"showFog":false,"showMaterialUpdate":false,"showSkybox":false,"showFlares":false,"showImageEffects":false,"showParticleSystems":true},"in2DMode":false,"pivot":{"x":-0.3484675884246826,"y":-6.825234889984131,"z":13.912935256958008},"rotation":{"x":-0.13418836891651154,"y":0.22734028100967408,"z":-0.031645581126213077,"w":-0.9640064835548401},"size":30.74391746520996,"orthographic":false}