{"cameraMode":{"drawMode":0,"name":"Shaded","section":"Shading Mode"},"sceneLighting":true,"audioPlay":false,"sceneViewState":{"showFog":false,"showMaterialUpdate":false,"showSkybox":false,"showFlares":false,"showImageEffects":false,"showParticleSystems":true},"in2DMode":false,"pivot":{"x":-5.032839298248291,"y":-2.9921536445617677,"z":11.178004264831543},"rotation":{"x":-0.06653375178575516,"y":0.7625163197517395,"z":-0.07944238930940628,"w":-0.6386165022850037},"size":7.7370758056640629,"orthographic":false}