{"cameraMode":{"drawMode":0,"name":"Shaded","section":"Shading Mode"},"sceneLighting":true,"audioPlay":false,"sceneViewState":{"showFog":false,"showMaterialUpdate":false,"showSkybox":false,"showFlares":false,"showImageEffects":false,"showParticleSystems":true},"in2DMode":false,"pivot":{"x":-3.4945225715637209,"y":-2.5225839614868166,"z":15.195976257324219},"rotation":{"x":-0.1638464331626892,"y":0.38284429907798769,"z":-0.06919552385807038,"w":-0.90652996301651},"size":11.11800765991211,"orthographic":false}