{"cameraMode":{"drawMode":0,"name":"Shaded","section":"Shading Mode"},"sceneLighting":true,"audioPlay":false,"sceneViewState":{"showFog":false,"showMaterialUpdate":false,"showSkybox":false,"showFlares":false,"showImageEffects":false,"showParticleSystems":true},"in2DMode":false,"pivot":{"x":-6.843573570251465,"y":-5.728073596954346,"z":10.03540325164795},"rotation":{"x":-0.1638464331626892,"y":0.38284429907798769,"z":-0.06919552385807038,"w":-0.90652996301651},"size":19.279481887817384,"orthographic":false}