{"cameraMode":{"drawMode":0,"name":"Shaded","section":"Shading Mode"},"sceneLighting":true,"audioPlay":false,"sceneViewState":{"showFog":false,"showMaterialUpdate":false,"showSkybox":false,"showFlares":false,"showImageEffects":false,"showParticleSystems":true},"in2DMode":false,"pivot":{"x":-5.802179336547852,"y":-3.7790822982788088,"z":12.15028190612793},"rotation":{"x":-0.1638464331626892,"y":0.38284429907798769,"z":-0.06919552385807038,"w":-0.90652996301651},"size":45.28142547607422,"orthographic":false}